WarehouseName,ProductName,ProductStandardCost,Profit,ProductListPrice,CustomerCreditLimit,Status,OrderItemQuantity,PerUnitPrice,TotalItemQuantity,Year,Month,Day,DayOfWeek,CostPriceRatio,RegionName_Australia,RegionName_North America,RegionName_South America,CountryName_Canada,CountryName_China,CountryName_India,CountryName_Mexico,CountryName_United States of America,State_California,State_Distrito Federal,State_Maharashtra,State_New Jersey,State_New South Wales,State_Ontario,State_Texas,State_Washington,City_Bombay,City_Mexico City,City_Seattle,City_South Brunswick,City_South San Francisco,City_Southlake,City_Sydney,City_Toronto,CategoryName_Mother Board,CategoryName_RAM,CategoryName_Storage,CategoryName_Video Card
6,135,2.6693982139117667,1.0843010506099457,2.440112183516037,2.030797379378518,2,1.56873090417248,0.6365180506470771,0.3244238646847084,2017,9,28,3,1.083342182471305,False,False,True,False,False,False,False,True,False,False,False,False,False,False,True,False,False,False,False,False,False,True,False,False,False,False,False,False
6,145,2.414629447275337,0.9648290305986711,2.203821913016384,-0.012133002355503825,2,0.9390753422690731,-0.9025038020712309,0.9202516169866101,2017,9,27,2,1.0517443596280889,False,False,True,False,False,False,False,True,False,False,False,False,False,False,True,False,False,False,False,False,False,True,False,False,False,False,False,False
6,143,1.8791712874826518,1.8253560200956884,1.9439521644318383,-0.9347467231386106,0,0.7891573513396904,-1.3000869532095296,0.9202516169866101,2016,9,27,1,0.03280410004016,False,False,True,False,False,False,False,True,False,False,False,False,False,False,True,False,False,False,False,False,False,True,False,False,False,False,False,False
6,138,1.5943261417050119,2.237965573742874,1.7960922233630405,1.1740846386513477,2,-1.2197437271140361,-0.48343410274847803,1.0074459222015224,2016,8,16,1,-0.5327368059733792,False,False,True,False,False,False,False,True,False,False,False,False,False,False,True,False,False,False,False,False,False,True,False,False,False,False,False,False
6,139,1.4024571562702217,2.3811130341458453,1.6677895502731832,0.31737189792417714,1,0.33940337855154273,0.3221474347167668,0.6005391645319311,2016,5,27,4,-0.833148524182543,False,False,True,False,False,False,False,True,False,False,False,False,False,False,True,False,False,False,False,False,False,True,False,False,False,False,False,False
6,115,1.98764347454931,0.03888666244714136,1.6532454717016614,-0.8029447630267382,2,0.87910814589732,-0.4022718106878614,0.6586687013418727,2017,5,27,5,1.6542552250289637,False,False,True,False,False,False,False,True,False,False,False,False,False,False,True,False,False,False,False,False,False,True,False,False,False,False,False,False
6,141,1.5379769536184362,0.417693708714276,1.3617809712703632,-1.1983506433623554,0,-0.7999733525117649,-0.7849838648638914,1.0510430748089787,2017,5,27,5,1.0429224316931496,False,False,True,False,False,False,False,True,False,False,False,False,False,False,True,False,False,False,False,False,False,True,False,False,False,False,False,False
6,116,1.2235132658527903,0.6816817116945154,1.1577558209684546,2.030797379378518,2,-1.0698257361846535,-0.9134931053411426,1.065575459011464,2016,9,7,2,0.5458258391593627,False,False,True,False,False,False,False,True,False,False,False,False,False,False,True,False,False,False,False,False,False,True,False,False,False,False,False,False
6,123,1.4302443496454145,-0.2584932911433514,1.1286093709253247,-1.1324496633064192,2,0.5492885658526784,2.3313037094150295,0.5714743961269603,2016,9,7,2,1.699892257836653,False,False,True,False,False,False,False,True,False,False,False,False,False,False,True,False,False,False,False,False,False,True,False,False,False,False,False,False
6,142,0.9535654366755386,1.463381801390279,1.1008328040342221,-1.0006477031945469,2,-1.0098585398129005,1.5932981860871522,0.7603953907592705,2016,8,24,2,-0.5046185115878189,False,False,True,False,False,False,False,True,False,False,False,False,False,False,True,False,False,False,False,False,False,True,False,False,False,False,False,False
6,107,1.2579214888281554,0.2715354986661184,1.0988799918813321,-0.6711428029148658,2,0.5492885658526784,0.06518362691286095,1.1527697642263766,2016,8,16,1,1.0077766650509867,False,False,True,False,False,False,False,True,False,False,False,False,False,False,True,False,False,False,False,False,False,True,False,False,False,False,False,False
6,98,0.9836770340593026,1.2576928597213834,1.081945904406274,-0.4734398627470572,0,-0.2302849869801111,1.8666639390700308,2.2281661952102967,2017,8,14,0,-0.2675882853964736,False,False,True,False,False,False,False,True,False,False,False,False,False,False,True,False,False,False,False,False,False,True,False,False,False,False,False,False
4,108,1.3079666114975452,-0.35812173394771346,1.0061942807441795,-0.2757369225792486,2,-1.2797109234857893,0.5818449000505015,0.8911868485816392,2017,8,12,5,1.7526485338190088,False,True,False,False,False,False,False,True,True,False,False,False,False,False,False,False,False,False,False,False,True,False,False,False,False,False,False,False
4,140,1.0268545994306413,0.20735179032100062,0.8939804480781297,0.25147091786824094,2,0.5193049676668018,0.2647406265903623,0.9057192327841246,2017,8,12,5,0.9077600433335495,False,True,False,False,False,False,False,True,True,False,False,False,False,False,False,False,False,False,False,False,True,False,False,False,False,False,False,False
4,133,0.8110724273016107,0.505279152937891,0.778851970407767,1.1081836585954115,2,1.2688949223137147,0.2866098868289926,-1.3322679343986277,2017,3,9,3,0.3683435118600231,False,True,False,False,False,False,False,True,True,False,False,False,False,False,False,False,False,False,False,False,True,False,False,False,False,False,False,False
4,132,0.562889472022799,1.4696770051938517,0.778851970407767,-0.8029447630267382,2,0.6692229585961844,-0.869754584863882,-1.157879323968803,2017,3,7,1,-1.0071548778926263,False,True,False,False,False,False,False,True,True,False,False,False,False,False,False,False,False,False,False,False,True,False,False,False,False,False,False,False
4,99,0.8074449483185371,0.4100299823447097,0.7555639568233062,1.1081836585954115,2,0.819140949525567,0.010401130015092179,-1.157879323968803,2016,6,12,6,0.4772140858620492,False,True,False,False,False,False,False,True,True,False,False,False,False,False,False,False,False,False,False,False,True,False,False,False,False,False,False,False
4,109,1.0018848654597772,-0.37440715248304185,0.7494140558642058,-0.8029447630267382,2,-1.4596125126010484,0.11715045655490613,-1.1433469397663174,2016,9,5,0,1.6015309568593241,False,True,False,False,False,False,False,True,True,False,False,False,False,False,False,False,False,False,False,False,True,False,False,False,False,False,False,False
4,110,0.39398278073328846,1.1321993404197352,0.5671904501945583,-0.9347467231386106,0,-0.7699897543258885,-0.4740849939964636,-1.1433469397663174,2017,9,5,1,-0.8806083154302918,False,True,False,False,False,False,False,True,True,False,False,False,False,False,False,False,False,False,False,False,True,False,False,False,False,False,False,False
4,8,0.5054133001744917,0.6939984147884614,0.5660828850929194,-0.4734398627470572,0,-1.4596125126010484,0.17452992810601237,-1.1433469397663174,2017,2,19,6,-0.20246325890598152,False,True,False,False,False,False,False,True,True,False,False,False,False,False,False,False,False,False,False,False,True,False,False,False,False,False,False,False
4,101,0.22891487788217596,1.4091883077769176,0.48957345372970357,-1.0006477031945469,2,-0.5001373706529998,-1.5722772334545816,-1.1433469397663174,2015,5,31,6,-1.4708671490092347,False,True,False,False,False,False,False,True,True,False,False,False,False,False,False,False,False,False,False,False,True,False,False,False,False,False,False,False
4,102,0.7245764235887169,-0.540682644251311,0.484501971422199,0.25147091786824094,0,-0.5601045670247528,0.051515339263717014,-1.1433469397663174,2016,10,22,5,1.6508409226129113,False,True,False,False,False,False,False,True,True,False,False,False,False,False,False,False,False,False,False,False,True,False,False,False,False,False,False,False
4,155,0.25620901586161104,0.07487880593278327,0.22798406459261347,2.030797379378518,0,-0.11035059423660502,-0.7636066629806303,-1.128814555563832,2017,5,11,3,0.30857154736749964,False,True,False,False,False,False,False,True,True,False,False,False,False,False,False,False,False,False,False,False,True,False,False,False,False,False,False,False
4,149,0.2091926620518744,0.13386212852712362,0.20163567375362423,-0.6711428029148658,2,0.18948538762216013,-1.274308562703244,-1.128814555563832,2015,5,3,6,0.15939935766523194,False,True,False,False,False,False,False,True,True,False,False,False,False,False,False,False,False,False,False,False,True,False,False,False,False,False,False,False
4,114,0.19471796436213565,0.16328536369599436,0.1959229695451707,-0.4734398627470572,2,1.628698100544233,0.7020984947876697,-1.128814555563832,2017,2,20,0,0.09604370033618483,False,True,False,False,False,False,False,True,True,False,False,False,False,False,False,False,False,False,False,False,True,False,False,False,False,False,False,False
4,113,0.009470008527518168,0.5924540403917079,0.13401590965356294,-0.4734398627470572,2,1.3888293150572208,0.495105946629034,-1.1142821713613467,2017,2,20,0,-0.8226205076579302,False,True,False,False,False,False,False,True,True,False,False,False,False,False,False,False,False,False,False,False,True,False,False,False,False,False,False,False
4,100,0.003201161352886525,0.3602157609425289,0.07936631582269453,-0.4734398627470572,2,-1.2497273252999126,0.1909318732849851,-1.0706850187538905,2016,10,10,0,-0.49420629512037817,False,True,False,False,False,False,False,True,True,False,False,False,False,False,False,False,False,False,False,False,True,False,False,False,False,False,False,False
4,129,0.07233457148660419,-0.07278477893796768,0.044361429320895644,-0.4734398627470572,2,1.8985504842171217,1.9076688020174626,-1.6229156184483358,2016,10,10,0,0.2892128725968834,False,True,False,False,False,False,False,True,True,False,False,False,False,False,False,False,False,False,False,False,True,False,False,False,False,False,False,False
4,127,-0.02976311367776027,0.07761585106477109,-0.008102180756738022,-0.4734398627470572,0,0.0995345930645306,0.11715045655490613,-1.6229156184483358,2016,10,2,6,-0.10944118110038863,False,True,False,False,False,False,False,True,True,False,False,False,False,False,False,False,False,False,False,False,True,False,False,False,False,False,False,False
4,104,0.06789707292478639,-0.3833025491620028,-0.025444318532400395,-0.4734398627470572,2,0.87910814589732,2.2766852319690503,-1.6229156184483358,2016,10,2,6,0.8040859690167119,False,True,False,False,False,False,False,True,True,False,False,False,False,False,False,False,False,False,False,False,True,False,False,False,False,False,False,False
4,103,-0.1637333083535937,0.47448739520302646,-0.034450571595727265,-0.4734398627470572,0,0.5792721640385549,-0.5389546871793007,-1.6083832342458504,2016,10,2,6,-0.9826441546456902,False,True,False,False,False,False,False,True,True,False,False,False,False,False,False,False,False,False,False,False,True,False,False,False,False,False,False,False
4,131,0.12952899739447848,-0.8293040534194421,-0.06942631164748304,-0.4734398627470572,1,-0.2003013887942346,-1.5561759906038901,-1.6083832342458504,2016,10,2,6,1.6770229586684047,False,True,False,False,False,False,False,True,True,False,False,False,False,False,False,False,False,False,False,False,True,False,False,False,False,False,False,False
4,121,0.09529686563188369,-0.7915328305980083,-0.0897122408775015,-0.4734398627470572,1,-1.2497273252999126,-0.5444493388142565,-1.593850850043365,2016,9,29,3,1.5752169252512607,False,True,False,False,False,False,False,True,True,False,False,False,False,False,False,False,False,False,False,False,True,False,False,False,False,False,False,False
4,122,-0.19465492531610218,0.2393752183652599,-0.11011475590769237,-0.4734398627470572,1,-0.3802029779094937,0.672219617986641,-1.5793184658408796,2016,9,29,3,-0.6717075220261396,False,True,False,False,False,False,False,True,True,False,False,False,False,False,False,False,False,False,False,False,True,False,False,False,False,False,False,False
4,128,-0.30467671505514116,0.5984755396820814,-0.12468798092925729,-0.4734398627470572,2,0.9390753422690731,0.39048887296248647,-1.5793184658408796,2016,9,29,3,-1.4884909233574026,False,True,False,False,False,False,False,True,True,False,False,False,False,False,False,False,False,False,False,False,True,False,False,False,False,False,False,False
4,126,-0.052584534852823266,-0.3953455477427498,-0.12771921173374268,-0.3416379026351848,0,-1.3096945216716658,0.23182738993122382,-1.5647860816383943,2017,8,24,3,0.6687354101024617,False,True,False,False,False,False,False,True,True,False,False,False,False,False,False,False,False,False,False,False,True,False,False,False,False,False,False,False
4,120,-0.38261468582738606,0.5578304194720601,-0.19784557053751317,-0.3416379026351848,2,-1.0698257361846535,0.7513590034751845,-1.5647860816383943,2016,8,24,2,-1.618512944206397,False,True,False,False,False,False,False,True,True,False,False,False,False,False,False,False,False,False,False,False,True,False,False,False,False,False,False,False
4,209,2.1869787274055716,2.685472452822907,2.3818775763298636,0.25147091786824094,0,-0.4401701742812467,0.25653965400087597,-1.2450736291837152,2017,2,10,4,-0.36766485450018827,False,True,False,False,False,False,False,True,True,False,False,False,False,False,False,False,False,False,False,False,True,False,False,False,False,False,False,True
4,6,1.5073723008389146,2.1584544126586236,1.7071955507314946,0.25147091786824094,1,-0.7699897543258885,0.08431922962166244,-1.2450736291837152,2017,2,10,4,-0.55032728514601,False,True,False,False,False,False,False,True,True,False,False,False,False,False,False,False,False,False,False,False,True,False,False,False,False,False,False,True
4,5,0.6993601619199744,2.307897076865167,1.0703164708390651,0.25147091786824094,1,0.5193049676668018,-1.277342922561354,-1.1869440923737737,2017,1,2,0,-1.630778696929646,False,True,False,False,False,False,False,True,True,False,False,False,False,False,False,False,False,False,False,False,True,False,False,False,False,False,False,True
3,17,0.8881299420100028,1.5743689814923914,1.0703164708390651,0.25147091786824094,2,1.688665296915986,0.21553479105344417,-1.157879323968803,2015,12,14,0,-0.6891869757118675,False,True,False,False,False,False,False,True,False,False,False,True,False,False,False,False,False,False,False,True,False,False,False,False,False,False,False,True
3,208,1.0235793028731088,0.3624053970481192,0.9242927561229847,0.25147091786824094,2,-0.7699897543258885,-0.7849838648638914,-1.5647860816383943,2015,12,1,1,0.7267887301286073,False,True,False,False,False,False,False,True,False,False,False,True,False,False,False,False,False,False,False,True,False,False,False,False,False,False,False,True
3,33,0.6611483687487653,0.6087394589270363,0.6768102488067695,0.31737189792417714,2,1.7786160914736155,0.7020984947876697,-1.3468003186011133,2017,11,1,2,0.0873923303533128,False,True,False,False,False,False,False,True,False,False,False,True,False,False,False,False,False,False,False,True,False,False,False,False,False,False,False,True
3,271,0.6830188973748675,0.31861267493631146,0.6331197201921179,0.31737189792417714,2,0.4293541731091723,0.3221474347167668,-1.6229156184483358,2015,10,28,2,0.4650635138340495,False,True,False,False,False,False,False,True,False,False,False,True,False,False,False,False,False,False,False,True,False,False,False,False,False,False,False,True
3,37,0.6435040292291563,0.19845639364204004,0.5748268201058583,0.31737189792417714,1,0.3094197803656662,-1.4577643195300538,-1.593850850043365,2015,10,28,2,0.5773672406578888,False,True,False,False,False,False,False,True,False,False,False,True,False,False,False,False,False,False,False,True,False,False,False,False,False,False,False,True
3,214,0.762788216759926,-0.2649253472035231,0.5745353556054269,0.31737189792417714,1,-0.4101865760953702,0.4588029746329078,-1.5793184658408796,2016,9,19,0,1.296078701245591,False,True,False,False,False,False,False,True,False,False,False,True,False,False,False,False,False,False,False,True,False,False,False,False,False,False,False,True
3,81,0.3086489790246804,1.4310846688328214,0.5602244486342502,0.31737189792417714,2,0.15950178943628363,0.2647406265903623,-1.5793184658408796,2016,9,14,2,-1.3583997751379977,False,True,False,False,False,False,False,True,False,False,False,True,False,False,False,False,False,False,False,True,False,False,False,False,False,False,False,True
3,270,0.2536028659126069,1.5851803097637438,0.5474874499654026,0.31737189792417714,2,-0.6500553615823823,0.1482594792443577,-1.5793184658408796,2016,7,12,1,-1.6254026516348545,False,True,False,False,False,False,False,True,False,False,False,True,False,False,False,False,False,False,False,True,False,False,False,False,False,False,False,True
3,187,0.6441731758376845,-0.14641129298844416,0.5019315485479906,0.31737189792417714,1,1.748632493287739,-0.7576472895656036,-1.5793184658408796,2017,1,7,5,1.0359874927069064,False,True,False,False,False,False,False,True,False,False,False,True,False,False,False,False,False,False,False,True,False,False,False,False,False,False,False,True
3,49,0.22926706030771712,1.3975558659659686,0.4873874699764688,0.31737189792417714,2,-0.7100225579541354,2.3313037094150295,-1.5647860816383943,2017,1,5,3,-1.4568777338664924,False,True,False,False,False,False,False,True,False,False,False,True,False,False,False,False,False,False,False,True,False,False,False,False,False,False,False,True
3,184,0.7301056876697123,-0.5722955155257718,0.4823451341190073,0.31737189792417714,1,1.3888293150572208,0.3402989207148299,-1.550253697435909,2016,2,8,0,1.6999463596072035,False,True,False,False,False,False,False,True,False,False,False,True,False,False,False,False,False,False,False,True,False,False,False,False,False,False,False,True
3,79,0.6337133577991139,-0.37947068597721967,0.443638648461731,0.31737189792417714,2,-1.5495633071586778,-1.4437953295526287,-1.5357213132334235,2016,11,17,3,1.3539011092964057,False,True,False,False,False,False,False,True,False,False,False,True,False,False,False,False,False,False,False,True,False,False,False,False,False,False,False,True
3,78,0.1521743273567709,1.2865686858638565,0.3999481198470794,0.38327287798011334,2,1.508763707800727,-0.02240276034285325,-1.5357213132334235,2017,2,20,0,-1.4656180582928575,False,True,False,False,False,False,False,True,False,False,False,True,False,False,False,False,False,False,False,True,False,False,False,False,False,False,False,True
3,190,0.4781895986801652,-0.048835634033072964,0.38534574837547136,0.38327287798011334,1,0.819140949525567,-0.07707591093942896,-1.521188929030938,2017,1,3,1,0.7425599087332773,False,True,False,False,False,False,False,True,False,False,False,True,False,False,False,False,False,False,False,True,False,False,False,False,False,False,False,True
3,62,0.30304927845857726,0.5634413619926354,0.3708016698039496,1.0422826785394754,2,-1.2197437271140361,0.2647406265903623,-1.521188929030938,2017,10,15,6,-0.30979787735118075,False,True,False,False,False,False,False,True,False,False,False,True,False,False,False,False,False,False,False,True,False,False,False,False,False,False,False,True
3,272,0.09374726295950267,1.3767543229628603,0.3708016698039496,1.1081836585954115,1,1.56873090417248,0.16632895551652602,-1.5066565448284526,2017,8,15,1,-1.683496146849541,False,True,False,False,False,False,False,True,False,False,False,True,False,False,False,False,False,False,False,True,False,False,False,False,False,False,False,True
3,273,0.2524758821508756,0.7599612024693713,0.3708016698039496,1.1081836585954115,0,-1.2497273252999126,-0.7576472895656036,-1.5066565448284526,2016,12,1,3,-0.6417229513878034,False,True,False,False,False,False,False,True,False,False,False,True,False,False,False,False,False,False,False,True,False,False,False,False,False,False,False,True
3,206,0.3258002631485319,0.47503480422942396,0.3708016698039496,1.1081836585954115,1,-0.08036699605072851,1.5932981860871522,-1.5066565448284526,2015,4,9,3,-0.1604778231536493,False,True,False,False,False,False,False,True,False,False,False,True,False,False,False,False,False,False,False,True,False,False,False,False,False,False,False,True
3,274,0.31639699238658475,0.4430113761851647,0.35619929833234154,1.1081836585954115,2,0.06955099487865407,0.28934354435882137,-1.5066565448284526,2017,5,11,3,-0.13043006231258822,False,True,False,False,False,False,False,True,False,False,False,True,False,False,False,False,False,False,False,True,False,False,False,False,False,False,False,True
3,82,0.43980171429618525,-0.10480820698222695,0.34165521976081975,1.1740846386513477,0,0.819140949525567,1.5932981860871522,-1.4921241606259672,2016,12,3,5,0.7829193276332569,False,True,False,False,False,False,False,True,False,False,False,True,False,False,False,False,False,False,False,True,False,False,False,False,False,False,False,True
3,207,0.2948082097009155,0.4586125334374963,0.34165521976081975,1.1740846386513477,2,-0.5001373706529998,-1.454839305973137,-1.4921241606259672,2016,12,20,1,-0.18139560724309586,False,True,False,False,False,False,False,True,False,False,False,True,False,False,False,False,False,False,False,True,False,False,False,False,False,False,False,True
3,189,0.11118029302378717,1.1082501955148405,0.32804382759067824,1.1740846386513477,1,-1.4596125126010484,-1.438328014492971,-1.4921241606259672,2016,8,16,1,-1.3234099213574912,False,True,False,False,False,False,False,True,False,False,False,True,False,False,False,False,False,False,False,True,False,False,False,False,False,False,False,True
3,60,0.04444172338374899,1.3191395229345133,0.31772598427541004,2.030797379378518,1,-1.5795469053445543,-0.9544706317132762,-1.4775917764234818,2016,9,29,3,-1.7114463757436098,False,True,False,False,False,False,False,True,False,False,False,True,False,False,False,False,False,False,False,True,False,False,False,False,False,False,False,True
3,75,2.894407565589974,0.6893454380640818,2.5422121980171206,2.030797379378518,2,-0.6200717633965058,-1.3863885214262244,-1.4339946238160255,2016,10,27,3,1.4768380031303254,False,True,False,False,False,False,False,True,False,False,False,True,False,False,False,False,False,False,False,True,False,False,False,False,False,False,True,False
3,72,2.3070729345150855,1.972609048196641,2.329443112702273,2.030797379378518,0,-1.1897601289281596,0.22379043679352703,-1.3903974712085694,2016,6,13,0,0.22255076569070248,False,True,False,False,False,False,False,True,False,False,False,True,False,False,False,False,False,False,False,True,False,False,False,False,False,False,True,False
3,73,2.3453551641714028,1.6459427116938767,2.2915527276462044,2.030797379378518,2,-0.5301209688388763,1.3199324331042737,-1.448527008018511,2017,3,17,4,0.48788094549906175,False,True,False,False,False,False,False,True,False,False,False,True,False,False,False,False,False,False,False,True,False,False,False,False,False,False,True,False
3,69,2.223887445602278,0.7494235787112179,2.0000882272149063,2.030797379378518,1,0.9090917440831966,0.6365180506470771,-1.3613327028035986,2017,2,21,1,1.1307636650106023,False,True,False,False,False,False,False,True,False,False,False,True,False,False,False,False,False,False,False,True,False,False,False,False,False,False,True,False
3,50,2.1950437049504625,0.8067646742263658,1.9884296471976544,-0.4734398627470572,2,-0.3802029779094937,0.3221474347167668,-1.1433469397663174,2017,2,21,1,1.0675332217100786,False,True,False,False,False,False,False,True,False,False,False,True,False,False,False,False,False,False,False,True,False,False,False,False,False,False,True,False
3,50,1.9730983403744629,0.9849463123187826,1.8426973969820053,0.31737189792417714,1,-0.29025218335186415,0.1909318732849851,-0.8817640241215802,2016,2,17,2,0.7899331806723632,False,True,False,False,False,False,False,True,False,False,False,True,False,False,False,False,False,False,False,True,False,False,False,False,False,False,True,False
3,51,1.800000678221013,0.7680354856087359,1.6532454717016614,0.31737189792417714,0,-0.6500553615823823,-1.6406186717003013,-0.5911163400718721,2017,2,10,4,0.8742812932434926,False,True,False,False,False,False,False,True,False,False,False,True,False,False,False,False,False,False,False,True,False,False,False,False,False,False,True,False
3,50,1.73998879290881,1.001231730854111,1.6532454717016614,-0.4734398627470572,2,-1.2497273252999126,0.29754451694830775,-0.5911163400718721,2017,2,10,4,0.6248301709157065,False,True,False,False,False,False,False,True,False,False,False,True,False,False,False,False,False,False,False,True,False,False,False,False,False,False,True,False
3,51,1.2647186096410985,2.3553848099051584,1.548318251546394,0.008955311262395758,1,-0.5001373706529998,0.5681492758260592,-0.0679505087823975,2017,2,10,4,-0.9579438468879186,False,True,False,False,False,False,False,True,False,False,False,True,False,False,False,False,False,False,False,True,False,False,False,False,False,False,True,False
3,51,1.1040882053518037,2.1037135100188644,1.3617809712703632,-0.9347467231386106,2,1.0889933331984556,-1.5010107816519451,-0.0534181245799121,2017,1,2,0,-0.9245808687613747,False,True,False,False,False,False,False,True,False,False,False,True,False,False,False,False,False,False,False,True,False,False,False,False,False,False,True,False
5,68,1.1538163638382068,1.308328194663161,1.233536591080592,0.31737189792417714,2,-0.859940548883518,-0.12078709484139127,0.06284094903997114,2015,12,14,0,-0.142771182779476,False,True,False,False,False,False,False,True,False,False,False,False,False,False,False,True,False,False,True,False,False,False,False,False,False,False,True,False
5,176,0.7061220644903633,0.40756664172592044,0.6711849839484453,-0.8029447630267382,1,-0.5900881652106293,1.6069391371609978,0.06284094903997114,2015,12,1,1,0.37893344888549935,False,True,False,False,False,False,False,True,False,False,False,False,False,False,False,True,False,False,True,False,False,False,False,False,False,False,True,False
5,55,0.2532859017296202,1.468445334884457,0.5223632100282246,-0.8029447630267382,1,0.5792721640385549,-0.07707591093942896,0.07737333324245654,2016,12,1,3,-1.4954464425534737,False,True,False,False,False,False,False,True,False,False,False,False,False,False,False,True,False,False,True,False,False,False,False,False,False,False,True,False
5,54,0.3093533438757628,1.2085628996021993,0.5134152498649837,1.1081836585954115,0,-0.7400061561400119,-1.504209160961845,0.07737333324245654,2016,11,30,2,-1.1020726258700522,False,True,False,False,False,False,False,True,False,False,False,False,False,False,False,True,False,False,True,False,False,False,False,False,False,False,True,False
5,50,0.6765035225023571,-0.2719048122900925,0.5019606949980338,1.1081836585954115,2,-0.2602685851659876,-0.8672669565117379,0.09190571744494196,2017,11,1,2,1.236129944107333,False,True,False,False,False,False,False,True,False,False,False,False,False,False,False,True,False,False,True,False,False,False,False,False,False,False,True,False
5,73,0.4016955758526387,0.7275272176553143,0.4873874699764688,1.1081836585954115,1,1.7786160914736155,0.051515339263717014,0.10643810164742736,2015,10,27,1,-0.38177405095861383,False,True,False,False,False,False,False,True,False,False,False,False,False,False,False,True,False,False,True,False,False,False,False,False,False,False,True,False
5,55,0.3367883548254142,0.966197553164665,0.484501971422199,1.1740846386513477,0,-1.2497273252999126,0.31394646212728045,0.10643810164742736,2015,10,28,2,-0.7700403010399128,False,True,False,False,False,False,False,True,False,False,False,False,False,False,False,True,False,False,True,False,False,False,False,False,False,False,True,False
5,72,0.30157011227130437,0.6923561877092685,0.3970334748427664,-0.9347467231386106,2,-1.0998093343705302,0.9071501461001269,0.10643810164742736,2016,6,21,1,-0.48020867531113387,False,True,False,False,False,False,False,True,False,False,False,False,False,False,False,True,False,False,True,False,False,False,False,False,False,False,True,False
5,55,0.28779977943264756,0.7064519701390066,0.388639297230345,-0.2757369225792486,2,0.9690589404549496,0.33581572236591073,0.12097048584991275,2013,6,21,4,-0.5188505712518683,False,True,False,False,False,False,False,True,False,False,False,False,False,False,False,True,False,False,True,False,False,False,False,False,False,False,True,False
5,72,0.49100903896986114,-0.15325390581841408,0.37371631480826256,-0.8029447630267382,0,-0.29025218335186415,-0.5389546871793007,0.12097048584991275,2016,6,21,1,0.9041487611639365,False,True,False,False,False,False,False,True,False,False,False,False,False,False,False,True,False,False,True,False,False,False,False,False,False,False,True,False
5,72,0.17041737699979959,1.06514173468603,0.3678870247996366,2.030797379378518,2,0.9990425386408261,0.2866098868289926,0.13550287005239817,2016,6,14,1,-1.1633351959633829,False,True,False,False,False,False,False,True,False,False,False,False,False,False,False,True,False,False,True,False,False,False,False,False,False,False,True,False
5,50,0.35739102671956846,0.21542607346036519,0.34165521976081975,-0.2757369225792486,1,-0.7400061561400119,2.413122079282805,0.13550287005239817,2016,6,13,0,0.23482679724446362,False,True,False,False,False,False,False,True,False,False,False,False,False,False,False,True,False,False,True,False,False,False,False,False,False,False,True,False
5,170,0.5003418732467001,-0.45446572259368984,0.3172887875247632,2.030797379378518,0,0.3094197803656662,0.8811803995667534,0.15003525425488357,2017,3,17,4,1.3573042454342124,False,True,False,False,False,False,False,True,False,False,False,False,False,False,False,True,False,False,True,False,False,False,False,False,False,False,True,False
5,51,0.35612316998762045,0.015074369798845917,0.29793554469612504,-1.1983506433623554,2,-1.6095305035304308,1.727274741624061,0.15003525425488357,2017,2,21,1,0.5177633341047502,False,True,False,False,False,False,False,True,False,False,False,False,False,False,False,True,False,False,True,False,False,False,False,False,False,False,True,False
5,72,0.20066984735378,0.578084553448771,0.2891916096831861,-1.1983506433623554,2,1.4188129132430973,0.25653965400087597,-0.08248289298488291,2017,2,21,1,-0.4818341036208634,False,True,False,False,False,False,False,True,False,False,False,False,False,False,False,True,False,False,True,False,False,False,False,False,False,False,True,False
5,72,0.3280542306719949,0.0009785873691080613,0.2717037396573082,-1.1983506433623554,2,0.5492885658526784,0.051515339263717014,-0.0679505087823975,2016,2,17,2,0.5055131828799386,False,True,False,False,False,False,False,True,False,False,False,False,False,False,False,True,False,False,True,False,False,False,False,False,False,False,True,False
5,72,0.0840270280145684,0.9081721963665199,0.26295980464436924,-1.1983506433623554,0,1.2688949223137147,0.672219617986641,-0.0534181245799121,2016,2,17,2,-1.1176599666178952,False,True,False,False,False,False,False,True,False,False,False,False,False,False,False,True,False,False,True,False,False,False,False,False,False,False,True,False
5,50,0.3807759397754973,-0.2860005947198306,0.25421586963143034,-1.1983506433623554,2,0.6392393604103079,1.727274741624061,-0.038885740377426696,2017,2,10,4,0.9920636326063029,False,True,False,False,False,False,False,True,False,False,False,False,False,False,False,True,False,False,True,False,False,False,False,False,False,False,True,False
5,50,0.10614408433854924,0.7811733022422782,0.25421586963143034,-1.1983506433623554,0,1.3288621186854679,0.051515339263717014,-0.02435335617494129,2017,2,10,4,-0.9105485141455821,False,True,False,False,False,False,False,True,False,False,False,False,False,False,False,True,False,False,True,False,False,False,False,False,False,False,True,False
5,72,0.2706484953087961,0.05982505770684914,0.23672799960555244,-1.1983506433623554,2,-0.14033419242248155,1.8659531881122753,-0.02435335617494129,2017,1,2,0,0.3491139475050623,False,True,False,False,False,False,False,True,False,False,False,False,False,False,False,True,False,False,True,False,False,False,False,False,False,False,True,False
5,72,0.08733754281465492,0.772141053306718,0.23672799960555244,-1.1983506433623554,1,-0.6200717633965058,-0.7849838648638914,-0.009820971972455886,2015,12,14,0,-0.9315114289241411,False,True,False,False,False,False,False,True,False,False,False,False,False,False,False,True,False,False,True,False,False,False,False,False,False,False,True,False
5,69,0.38817177071186043,-0.5200179535048017,0.2104961945667356,-1.1324496633064192,1,0.6092557622244313,-1.274308562703244,0.2953590962797376,2016,12,1,3,1.3644497508923692,False,True,False,False,False,False,False,True,False,False,False,False,False,False,False,True,False,False,True,False,False,False,False,False,False,False,True,False
5,51,0.20186726760061982,0.13550435560631646,0.1959229695451707,-1.1324496633064192,0,0.06955099487865407,-1.5668099183949242,0.30989148048222304,2017,11,1,2,0.1469882468723538,False,True,False,False,False,False,False,True,False,False,False,False,False,False,False,True,False,False,True,False,False,False,False,False,False,False,True,False
5,50,0.24670009037200163,-0.04007708961071146,0.1956315050447393,-1.1324496633064192,1,-0.5001373706529998,-0.4022718106878614,-0.08248289298488291,2015,10,27,1,0.46853240984618894,False,True,False,False,False,False,False,True,False,False,False,False,False,False,False,True,False,False,True,False,False,False,False,False,False,False,True,False
5,51,0.30643022974377154,-0.2842215153840382,0.19306661744094392,-1.1324496633064192,0,-1.6395141017163075,0.7513590034751845,-0.08248289298488291,2015,10,28,2,0.9130328254512341,False,True,False,False,False,False,False,True,False,False,False,False,False,False,False,True,False,False,True,False,False,False,False,False,False,False,True,False
5,69,0.2424386830229542,-0.07689034663594979,0.18426438952791876,-1.1324496633064192,2,1.5387473059866035,0.24013770882190322,0.15003525425488357,2015,10,28,2,0.5193496269184703,False,True,False,False,False,False,False,True,False,False,False,False,False,False,False,True,False,False,True,False,False,False,False,False,False,False,True,False
5,69,0.03299579455366332,0.6138029924212142,0.15803258448910193,-1.1324496633064192,2,-0.35021937972361716,-1.6406186717003013,0.6732010855443582,2016,9,19,0,-0.8104676403478661,False,True,False,False,False,False,False,True,False,False,False,False,False,False,False,True,False,False,True,False,False,False,False,False,False,False,True,False
5,69,0.13463564256482416,0.21884737987535013,0.15803258448910193,-1.1324496633064192,2,-1.1897601289281596,1.1012398307179707,0.6732010855443582,2016,9,14,2,-0.07249644600477641,False,True,False,False,False,False,False,True,False,False,False,False,False,False,False,True,False,False,True,False,False,False,False,False,False,False,True,False
5,69,0.3310125630465402,-0.6263521568825342,0.14054471446322403,-1.1324496633064192,2,-0.11035059423660502,0.24013770882190322,0.7313306223542998,2016,7,12,1,1.4890456641473966,False,True,False,False,False,False,False,True,False,False,False,False,False,False,False,True,False,False,True,False,False,False,False,False,False,False,True,False
5,69,0.13255776625413157,0.10375463207525613,0.1318007794502851,-1.1324496633064192,1,-1.3996453162292952,2.1096860934718102,0.7458630065567852,2017,3,18,5,0.09776773194870826,False,True,False,False,False,False,False,True,False,False,False,False,False,False,False,True,False,False,True,False,False,False,False,False,False,False,True,False
5,170,0.17055824997001628,-0.13436829440769696,0.11253497597177624,-1.1324496633064192,1,1.0290261368267026,-0.8948768975630086,0.4842800909120479,2017,1,7,5,0.5193859655769306,False,True,False,False,False,False,False,True,False,False,False,False,False,False,False,True,False,False,True,False,False,False,False,False,False,False,True,False
5,170,0.20626954791988356,-0.5178283173992114,0.060421123294660144,-1.1324496633064192,2,-0.6200717633965058,0.11715045655490613,0.7894601591642414,2016,2,8,0,1.190597719422881,False,True,False,False,False,False,False,True,False,False,False,False,False,False,False,True,False,False,True,False,False,False,False,False,False,False,True,False
5,71,-0.0038424871579354294,0.2505971034064105,0.050190719329521606,-1.066548683250483,0,-1.039842137998777,0.5818449000505015,0.8039925433667268,2017,2,1,2,-0.33948911380199026,False,True,False,False,False,False,False,True,False,False,False,False,False,False,False,True,False,False,True,False,False,False,False,False,False,False,True,False
5,69,-0.03282710077996783,0.30848560794795626,0.03853213931226968,-1.0006477031945469,0,1.0889933331984556,1.224254419560266,0.9347840011890954,2017,2,20,0,-0.478393872564778,False,True,False,False,False,False,False,True,False,False,False,False,False,False,False,True,False,False,True,False,False,False,False,False,False,False,True,False
5,69,-0.19676801986934866,0.9347215341468033,0.03622956975886253,-1.0006477031945469,0,-0.020399799678975476,-0.7603809470954324,-0.12608004559233912,2017,2,14,1,-1.729190800720263,False,True,False,False,False,False,False,True,False,False,False,False,False,False,False,True,False,False,True,False,False,False,False,False,False,False,True,False
5,170,-0.12055574298225516,0.6221509800737772,0.03273199575368682,-1.0006477031945469,0,-0.3802029779094937,-0.7194034207232988,-0.12608004559233912,2017,2,14,1,-1.1159426102662162,False,True,False,False,False,False,False,True,False,False,False,False,False,False,False,True,False,False,True,False,False,False,False,False,False,False,True,False
5,69,-0.2044455967461446,0.9069405260571253,0.023958914290704774,-1.0006477031945469,2,1.4787801096148503,-1.5668099183949242,-0.11154766138985373,2016,11,29,1,-1.708009620564898,False,True,False,False,False,False,False,True,False,False,False,False,False,False,False,True,False,False,True,False,False,False,False,False,False,False,True,False
8,118,0.4149024168104299,0.5366183196991532,0.4576580909324763,-0.9347467231386106,2,-0.47015377246712325,0.07341193607764557,0.15003525425488357,2016,11,29,1,-0.12183607101200891,False,True,False,True,False,False,False,False,False,False,False,False,False,True,False,False,False,False,False,False,False,False,False,True,True,False,False,False
8,44,0.2592377847212645,-0.7852376267944358,0.04730522077525173,-0.9347467231386106,2,-0.979874941627024,1.3199324331042737,0.23722955946979601,2017,9,28,3,1.7033712617489516,False,True,False,True,False,False,False,False,False,False,False,False,False,True,False,False,False,False,False,False,False,False,False,True,True,False,False,False
8,31,-0.09692430222844757,-0.4277795325568073,-0.17132230099826498,-0.9347467231386106,1,1.508763707800727,0.08431922962166244,0.033776180635000326,2017,9,27,2,0.6670507211105077,False,True,False,True,False,False,False,False,False,False,False,False,False,True,False,False,False,False,False,False,False,False,False,True,True,False,False,False
8,30,-0.17401703517939382,-0.14230572529046223,-0.17432438535270728,-0.9347467231386106,2,-1.5495633071586778,-1.3133998653797958,0.04830856483748573,2016,9,27,1,0.022365329577192544,False,True,False,True,False,False,False,False,False,False,False,False,False,True,False,False,False,False,False,False,False,False,False,True,True,False,False,False
8,47,-0.01504188829014236,-0.9156578273336625,-0.2074638990517459,-0.9347467231386106,0,-1.1897601289281596,-0.6072961254250203,0.04830856483748573,2017,9,27,2,1.719288579838211,False,True,False,True,False,False,False,False,False,False,False,False,False,True,False,False,False,False,False,False,False,False,False,True,True,False,False,False
8,196,-0.3289773024174768,0.1400204800740968,-0.24243963910350166,-0.8688457430826744,1,0.2794361821797897,-1.5230713979176635,0.15003525425488357,2016,8,16,1,-0.7856157630420272,False,True,False,True,False,False,False,False,False,False,False,False,False,True,False,False,False,False,False,False,False,False,False,True,True,False,False,False
8,77,-0.4520650601440904,-0.005864025460861858,-0.3753765977502168,-0.8029447630267382,1,-0.7999733525117649,-0.2491869890174494,0.1791000226598544,2017,5,27,5,-0.8033752821306145,False,True,False,True,False,False,False,False,False,False,False,False,False,True,False,False,False,False,False,False,False,False,False,True,True,False,False,False
8,85,-0.3985685497043977,-0.26834665361850807,-0.3870060313174256,-0.8029447630267382,2,1.2089277259419617,0.39048887296248647,0.1936324068623398,2016,5,26,3,-0.1639701885793655,False,True,False,True,False,False,False,False,False,False,False,False,False,True,False,False,False,False,False,False,False,False,False,True,True,False,False,False
8,10,-0.5058080982816618,0.1483684677266599,-0.3870060313174256,-0.8029447630267382,0,1.1789441277560853,-0.5444493388142565,0.23722955946979601,2016,9,7,2,-1.2338117793067849,False,True,False,True,False,False,False,False,False,False,False,False,False,True,False,False,False,False,False,False,False,False,False,True,True,False,False,False
8,29,-0.34686816963496453,-0.6429112799310616,-0.4239928764221573,-0.8029447630267382,1,1.7786160914736155,2.2766852319690503,0.2662943278747668,2016,9,7,2,0.7268587042706649,False,True,False,True,False,False,False,False,False,False,False,False,False,True,False,False,False,False,False,False,False,False,False,True,True,False,False,False
8,43,-0.2800591635098184,-0.9683459461244308,-0.43801231889290276,-0.8029447630267382,2,-0.6800389597682589,-0.5854268651863901,0.2662943278747668,2016,8,24,2,1.564848788815432,False,True,False,True,False,False,False,False,False,False,False,False,False,True,False,False,False,False,False,False,False,False,False,True,True,False,False,False
8,46,-0.6194573670037743,0.17943392997472346,-0.4744453814468151,-0.8029447630267382,1,1.4188129132430973,0.24013770882190322,0.2517619436722814,2017,8,14,0,-1.621866251210403,False,True,False,True,False,False,False,False,False,False,False,False,False,True,False,False,False,False,False,False,False,False,False,True,True,False,False,False
8,15,-0.4503041480163849,-0.4778674584721871,-0.4744453814468151,-0.6711428029148658,2,0.0995345930645306,-0.640127352358264,0.8039925433667268,2017,8,12,5,0.17335288030121565,False,True,False,True,False,False,False,False,False,False,False,False,False,True,False,False,False,False,False,False,False,False,False,True,True,False,False,False
8,42,-0.6199504223995318,-0.22496448827649876,-0.5609811916248675,-0.4734398627470572,0,-1.039842137998777,-0.2491869890174494,0.8766544643791538,2017,3,9,3,-0.7893744210266016,False,True,False,True,False,False,False,False,False,False,False,False,False,True,False,False,False,False,False,False,False,False,False,True,True,False,False,False
8,250,-0.6712634018008696,-0.3035176835645534,-0.6201776316624641,-0.4734398627470572,1,0.00958379850690104,0.11715045655490613,0.8766544643791538,2017,3,7,1,-0.7575063769372735,False,True,False,True,False,False,False,False,False,False,False,False,False,True,False,False,False,False,False,False,False,False,False,True,True,False,False,False
8,24,-0.5201419230011846,-0.918258020209051,-0.6260360681211332,-0.4734398627470572,2,0.0995345930645306,2.2275067330074303,0.8911868485816392,2016,6,12,6,1.1098358979016005,False,True,False,True,False,False,False,False,False,False,False,False,False,True,False,False,False,False,False,False,False,False,False,True,True,False,False,False
8,45,-0.7575833143009927,-0.20074163885840532,-0.6697265967357848,-0.4734398627470572,0,-0.35021937972361716,-0.8672669565117379,1.312625990453716,2016,9,5,0,-1.2651680304344683,False,True,False,True,False,False,False,False,False,False,False,False,False,True,False,False,False,False,False,False,False,False,False,True,True,False,False,False
8,9,-0.594698942488235,-0.8475054035471621,-0.6726703881901409,-0.4734398627470572,2,1.3888293150572208,-0.7467126594462884,1.3707555272636576,2017,9,5,1,0.7881163095400335,False,True,False,True,False,False,False,False,False,False,False,False,False,True,False,False,False,False,False,False,False,False,False,True,True,False,False,False
8,84,-0.7906532440593017,-0.11329304689138972,-0.6784705317487237,-0.4734398627470572,2,-0.919907745255271,-1.5722772334545816,1.1818345326313473,2017,2,19,6,-1.5816675408069567,False,True,False,True,False,False,False,False,False,False,False,False,False,True,False,False,False,False,False,False,False,False,False,True,True,False,False,False
8,195,-0.7235977102362768,-0.3738597434566442,-0.6784705317487237,-0.4734398627470572,1,1.6586816987301094,-1.441335037775783,1.1963669168338327,2015,5,31,6,-0.7454653347759327,False,True,False,True,False,False,False,False,False,False,False,False,False,True,False,False,False,False,False,False,False,False,False,True,True,False,False,False
8,192,-0.8089667301874389,-0.07730090340574801,-0.6859611694098081,-0.4734398627470572,0,-0.29025218335186415,-1.504209160961845,1.1963669168338327,2016,10,22,5,-1.7308867343138696,False,True,False,True,False,False,False,False,False,False,False,False,False,True,False,False,False,False,False,False,False,False,False,True,True,False,False,False
8,248,-0.7644860898415983,-0.2834004018444418,-0.6930437567702886,-0.4734398627470572,0,-0.6500553615823823,0.07885191456200487,1.1963669168338327,2017,5,11,3,-1.0933877518824495,False,True,False,True,False,False,False,False,False,False,False,False,False,True,False,False,False,False,False,False,False,False,False,True,True,False,False,False
8,26,-0.5962133269180617,-1.0193918378360067,-0.7105316267961665,-0.4734398627470572,2,0.2794361821797897,0.40721885704503863,1.5451441376934825,2015,5,3,6,1.2642200992330688,False,True,False,True,False,False,False,False,False,False,False,False,False,True,False,False,False,False,False,False,False,False,False,True,True,False,False,False
8,41,-0.7715649565949744,-0.4065674327839004,-0.7251339982677746,-0.4734398627470572,0,-0.919907745255271,-0.8672669565117379,1.5596765218959678,2017,2,20,0,-0.8138204902740929,False,True,False,True,False,False,False,False,False,False,False,False,False,True,False,False,False,False,False,False,False,False,False,True,True,False,False,False
8,13,-0.7780098949823764,-0.39520869548615034,-0.7280486432720875,-0.4734398627470572,2,0.9390753422690731,-1.5561759906038901,1.5596765218959678,2017,2,20,0,-0.8631981285514271,False,True,False,True,False,False,False,False,False,False,False,False,False,True,False,False,False,False,False,False,False,False,False,True,True,False,False,False
8,12,-0.7028541653719063,-1.0224025874811933,-0.7994282994277125,2.030797379378518,2,0.4593377712950488,-1.419493114112451,1.9811156637680447,2016,10,10,0,1.0833910227579768,False,True,False,True,False,False,False,False,False,False,False,False,False,True,False,False,False,False,False,False,False,False,False,True,True,False,False,False
8,16,-0.8595401264951404,-0.47526726559679855,-0.812573348397164,2.030797379378518,1,0.06955099487865407,-1.4437953295526287,-0.2714038876171932,2016,10,10,0,-0.9316795849249223,False,True,False,True,False,False,False,False,False,False,False,False,False,True,False,False,False,False,False,False,False,False,False,True,True,False,False,False
8,27,-0.8980688838493366,-0.3255508968770567,-0.812573348397164,-1.066548683250483,0,-1.6095305035304308,0.2647406265903623,-0.2714038876171932,2016,10,2,6,-1.4745949037339494,False,True,False,True,False,False,False,False,False,False,False,False,False,True,False,False,False,False,False,False,False,False,False,True,True,False,False,False
8,36,-0.7128561462572733,-1.0998609647164528,-0.8242027819643728,-1.066548683250483,2,1.3288621186854679,-0.7603809470954324,-0.2714038876171932,2016,10,2,6,1.3083919817724787,False,True,False,True,False,False,False,False,False,False,False,False,False,True,False,False,False,False,False,False,False,False,False,True,True,False,False,False
8,86,-0.7770237841908614,-0.9326275071519881,-0.8416906519902507,-0.4734398627470572,1,-0.020399799678975476,0.16840653523919588,-0.2714038876171932,2016,10,2,6,0.6458305957896351,False,True,False,True,False,False,False,False,False,False,False,False,False,True,False,False,False,False,False,False,False,False,False,True,True,False,False,False
8,48,-0.8065366714512053,-0.8863714444213913,-0.8562638770118156,2.030797379378518,0,-0.020399799678975476,-0.7194034207232988,-0.25687150341470777,2016,9,29,3,0.42833591486900785,False,True,False,True,False,False,False,False,False,False,False,False,False,True,False,False,False,False,False,False,False,False,False,True,True,False,False,False
8,193,-0.9495227362208909,-0.3468998489065627,-0.859703158116905,2.030797379378518,1,0.36938697673741927,1.5932981860871522,-0.25687150341470777,2016,9,29,3,-1.6323741325343861,False,True,False,True,False,False,False,False,False,False,False,False,False,True,False,False,False,False,False,False,False,False,False,True,True,False,False,False
8,32,-0.8894404144235797,-0.8242405199252645,-0.9116421320937623,0.38327287798011334,2,-0.4101865760953702,0.24013770882190322,-0.24233911921222237,2017,8,24,3,-0.004258204060323447,False,True,False,True,False,False,False,False,False,False,False,False,False,True,False,False,False,False,False,False,False,False,False,True,True,False,False,False
8,67,-0.9010272162238818,-0.8793919793348218,-0.9329773335253333,2.030797379378518,2,0.5492885658526784,0.22619605541977636,-0.24233911921222237,2016,8,24,2,0.13973850643248104,False,True,False,True,False,False,False,False,False,False,False,False,False,True,False,False,False,False,False,False,False,False,False,True,True,False,False,False
8,28,-0.8235823008473944,-1.2189224279579294,-0.9411966324374959,-0.9347467231386106,1,1.7186488951018626,1.248857337328725,-0.24233911921222237,2015,6,29,0,1.5156013237355217,False,True,False,True,False,False,False,False,False,False,False,False,False,True,False,False,False,False,False,False,False,False,False,True,True,False,False,False
8,76,-1.0233753908568592,-0.5112594090824403,-0.9553326607084139,1.1740846386513477,2,-0.8299569506976414,-0.9107594478113138,-0.22780673500973697,2017,6,30,4,-1.5043036165787502,False,True,False,True,False,False,False,False,False,False,False,False,False,True,False,False,False,False,False,False,False,False,False,True,True,False,False,False
8,11,-0.9964686535455194,-0.6546805739986098,-0.964105742171396,-0.2757369225792486,2,-1.5495633071586778,0.31394646212728045,-0.21327435080725154,2016,6,30,3,-0.9348324427580734,False,True,False,True,False,False,False,False,False,False,False,False,False,True,False,False,False,False,False,False,False,False,False,True,True,False,False,False
8,201,-0.9262786961351784,-0.9561660952870845,-0.9702264966804532,1.1740846386513477,0,-1.5495633071586778,-1.0473876511521565,-0.19874196660476615,2015,6,30,1,0.324462166140547,False,True,False,True,False,False,False,False,False,False,False,False,False,True,False,False,False,False,False,False,False,False,False,True,True,False,False,False
7,199,-0.9749503073449582,-0.7670362766667158,-0.9702264966804532,-0.9347467231386106,2,0.21946898580803667,1.0751880744587026,-0.19874196660476615,2016,6,30,3,-0.4850801548033648,True,False,False,False,False,False,False,False,False,False,False,False,True,False,False,False,False,False,False,False,False,False,True,False,True,False,False,False
7,200,-0.866407683793192,-1.1888149315060619,-0.9702264966804532,-0.9347467231386106,2,-1.0998093343705302,0.7732009271385164,-0.15514481399730995,2016,6,21,1,1.3202812295303064,True,False,False,False,False,False,False,False,False,False,False,False,True,False,False,False,False,False,False,False,False,False,True,False,True,False,False,False
7,25,-0.8532008428354008,-1.2525880830813814,-0.9728788236343779,-0.9347467231386106,1,0.759173753153814,-0.10156948240669499,-0.14061242979482452,2013,6,21,4,1.5873994963792184,True,False,False,False,False,False,False,False,False,False,False,False,True,False,False,False,False,False,False,False,False,False,True,False,True,False,False,False
7,38,-0.9019428905302886,-1.1077983955992179,-0.9823805663484383,0.31737189792417714,1,-0.35021937972361716,1.199651501791807,-0.009820971972455886,2016,6,21,1,0.9376446616344496,True,False,False,False,False,False,False,False,False,False,False,False,True,False,False,False,False,False,False,False,False,False,True,False,True,False,False,False
7,197,-0.9454726383271683,-1.0173390539870155,-0.9991397751232379,-0.8029447630267382,2,1.748632493287739,-0.47430368659884997,-0.009820971972455886,2016,6,14,1,0.4860656761572482,True,False,False,False,False,False,False,False,False,False,False,False,True,False,False,False,False,False,False,False,False,False,True,False,True,False,False,False
7,117,-1.0168247977417948,-0.7425397227354236,-0.9996644112240143,-0.8029447630267382,2,1.688665296915986,-1.543136444186607,0.004711412230029519,2016,6,13,0,-0.7330498209693909,True,False,False,False,False,False,False,False,False,False,False,False,True,False,False,False,False,False,False,False,False,False,True,False,True,False,False,False
7,66,-0.9655118183404569,-1.0214446216849975,-1.0165984986990728,-1.0006477031945469,1,1.688665296915986,2.1096860934718102,0.004711412230029519,2017,2,21,1,0.44070549675853143,True,False,False,False,False,False,False,False,False,False,False,False,True,False,False,False,False,False,False,False,False,False,True,False,True,False,False,False
7,65,-0.9431130160760429,-1.1084826568822148,-1.0165984986990728,-1.0006477031945469,1,0.9690589404549496,0.41509179073094554,-0.12608004559233912,2017,2,21,1,0.8341313175352474,True,False,False,False,False,False,False,False,False,False,False,False,True,False,False,False,False,False,False,False,False,False,True,False,True,False,False,False
7,202,-1.0414775675296717,-0.7399395298600349,-1.0195131437033857,-1.0006477031945469,0,-0.3202357815377406,0.31394646212728045,-0.11154766138985373,2016,2,17,2,-0.8471078686688929,True,False,False,False,False,False,False,False,False,False,False,False,True,False,False,False,False,False,False,False,False,False,True,False,True,False,False,False
7,14,-1.0355961210231353,-0.7627938567121344,-1.0195131437033857,-0.9347467231386106,2,-1.2497273252999126,-0.7849838648638914,-0.11154766138985373,2016,2,17,2,-0.7434375991432278,True,False,False,False,False,False,False,False,False,False,False,False,True,False,False,False,False,False,False,False,False,False,True,False,True,False,False,False
7,194,-1.0019274811414063,-0.9073098396810992,-1.0224277887076987,-0.9347467231386106,0,0.9690589404549496,-1.3659954362537017,0.033776180635000326,2017,2,10,4,-0.10067579029137096,True,False,False,False,False,False,False,False,False,False,False,False,True,False,False,False,False,False,False,False,False,False,True,False,True,False,False,False
7,249,-1.0612350016025272,-0.6769874918243117,-1.0224569351577417,0.25147091786824094,0,0.06955099487865407,-0.7303107142673158,0.04830856483748573,2017,2,10,4,-1.1493192184581322,True,False,False,False,False,False,False,False,False,False,False,False,True,False,False,False,False,False,False,False,False,False,True,False,True,False,False,False
7,83,-0.9893897867921434,-0.9697144686904249,-1.0253424337120116,0.25147091786824094,1,-0.11035059423660502,2.1919691851196563,0.04830856483748573,2017,2,10,4,0.1715419203791693,True,False,False,False,False,False,False,False,False,False,False,False,True,False,False,False,False,False,False,False,False,False,True,False,True,False,False,False
7,246,-0.9478322605782936,-1.1447485048810555,-1.0282279322662815,1.0422826785394754,2,-0.7699897543258885,0.4178254482607743,0.06284094903997114,2017,1,2,0,0.9621717373460797,True,False,False,False,False,False,False,False,False,False,False,False,True,False,False,False,False,False,False,False,False,False,True,False,True,False,False,False
7,259,-1.664347405341657,-1.5369670722949313,-1.7047461842173677,1.0422826785394754,2,1.4188129132430973,-1.3374833882175874,0.06284094903997114,2015,12,14,0,-0.9047047966094302,True,False,False,False,False,False,False,False,False,False,False,False,True,False,False,False,False,False,False,False,False,False,True,False,False,False,True,False
7,221,-1.4806842704219745,-1.4705937278442232,-1.5386114189715279,1.0422826785394754,0,-1.2497273252999126,-0.5936278377758765,0.06284094903997114,2016,12,2,4,0.6856963468245836,True,False,False,False,False,False,False,False,False,False,False,False,True,False,False,False,False,False,False,False,False,False,True,False,False,False,True,False
7,223,-1.234755282666626,-1.4243376651136264,-1.3252302582057742,-0.4734398627470572,0,0.00958379850690104,1.1285764060162586,0.06284094903997114,2016,10,27,3,1.515931801051946,True,False,False,False,False,False,False,False,False,False,False,False,True,False,False,False,False,False,False,False,False,False,True,False,False,False,True,False
7,232,-1.5753509064074216,-1.3901246009637767,-1.5998189640621003,-0.4734398627470572,1,-1.3996453162292952,-1.4003575114036495,0.10643810164742736,2017,10,27,4,-1.2544183307199555,True,False,False,False,False,False,False,False,False,False,False,False,True,False,False,False,False,False,False,False,False,False,True,False,False,False,True,False
7,226,-1.4630751491449197,-1.224259665965306,-1.471574583872329,-0.4734398627470572,1,-0.7400061561400119,-0.8123204401621793,0.10643810164742736,2016,12,14,2,-1.277846509360523,True,False,False,False,False,False,False,False,False,False,False,False,True,False,False,False,False,False,False,False,False,False,True,False,False,False,True,False
7,217,-1.6474426489156844,-1.5053542010204701,-1.6840230582367024,1.0422826785394754,0,-0.5001373706529998,-0.8948768975630086,0.10643810164742736,2016,12,13,1,-1.071019588908241,True,False,False,False,False,False,False,False,False,False,False,False,True,False,False,False,False,False,False,False,False,False,True,False,False,False,True,False
7,220,-0.8740500424274337,-0.6103404428604046,-0.8533492320075027,1.0422826785394754,1,-0.14033419242248155,1.798322500824311,0.033776180635000326,2015,4,26,6,-0.6047386568363478,True,False,False,False,False,False,False,False,False,False,False,False,True,False,False,False,False,False,False,False,False,False,True,False,False,False,True,False
7,240,-1.5734843395520537,-1.4010727814917285,-1.6006059182132648,-0.3416379026351848,0,-1.3396781198575423,-1.3863885214262244,0.4988124751145333,2015,4,9,3,-1.101740918892588,True,False,False,False,False,False,False,False,False,False,False,False,True,False,False,False,False,False,False,False,False,False,True,False,False,False,True,False
7,265,-1.5350612369255199,-1.46443537629725,-1.5823019475861795,-0.3416379026351848,2,-0.8899241470693945,-0.8400397275146431,0.4988124751145333,2017,2,15,2,0.12571580596467707,True,False,False,False,False,False,False,False,False,False,False,False,True,False,False,False,False,False,False,False,False,False,True,False,False,False,True,False
7,1,-1.6574798480436055,-1.4983747359339008,-1.690843327546795,-0.8029447630267382,1,-1.2797109234857893,-0.8123204401621793,0.5714743961269603,2017,2,14,1,-1.4450659756497986,True,False,False,False,False,False,False,False,False,False,False,False,True,False,False,False,False,False,False,False,False,False,True,False,False,False,True,False
7,236,-1.6419838213197973,-1.603477269002239,-1.7004033631609414,-0.8029447630267382,1,-0.7699897543258885,-0.8532979665343128,0.5714743961269603,2017,2,14,1,0.9580092570025095,True,False,False,False,False,False,False,False,False,False,False,False,True,False,False,False,False,False,False,False,False,False,True,False,False,False,True,False
2,268,-1.414086573752153,-1.1135461903763926,-1.4074523937774437,-0.9347467231386106,2,-0.919907745255271,1.248857337328725,0.9347840011890954,2016,9,5,0,-1.5223304361155214,False,True,False,False,False,False,True,False,False,True,False,False,False,False,False,False,False,True,False,False,False,False,False,False,False,False,True,False
2,263,-1.7460537280671917,-1.661913182570182,-1.7989766572068064,-0.4734398627470572,0,0.00958379850690104,0.010401130015092179,0.9347840011890954,2017,2,19,6,0.2176313298841076,False,True,False,False,False,False,True,False,False,True,False,False,False,False,False,False,False,True,False,False,False,False,False,False,False,False,True,False
2,237,-1.59539008642071,-1.5287559368989674,-1.6459286480303315,-0.4734398627470572,2,1.5387473059866035,0.1909318732849851,0.9493163853915808,2015,5,31,6,0.2512882879601846,False,True,False,False,False,False,True,False,False,True,False,False,False,False,False,False,False,True,False,False,False,False,False,False,False,False,True,False
2,241,-1.6693836140268947,-1.5706327274183831,-1.716084153284145,-0.4734398627470572,1,-0.3202357815377406,0.2866098868289926,0.9783811537965517,2017,5,11,3,-0.3132865521901712,False,True,False,False,False,False,True,False,False,True,False,False,False,False,False,False,False,True,False,False,False,False,False,False,False,False,True,False
2,258,-0.684822425184202,0.07282602208379223,-0.5512462773104622,-0.012133002355503825,1,1.1789441277560853,-0.10156948240669499,0.9783811537965517,2015,5,3,6,-1.6185899386597062,False,True,False,False,False,False,True,False,False,True,False,False,False,False,False,False,False,True,False,False,False,False,False,False,False,False,True,False
2,59,-1.3611535551933258,-1.3040445315627551,-1.4042171378226562,0.25147091786824094,0,0.5792721640385549,-0.8786663084111238,0.992913537999037,2017,2,20,0,0.13422477307967792,False,True,False,False,False,False,True,False,False,True,False,False,False,False,False,False,False,True,False,False,False,False,False,False,False,False,True,False
2,262,-1.736896985003123,-1.677788044335712,-1.7947795684005956,0.31737189792417714,2,-0.35021937972361716,-0.6006533376275364,0.992913537999037,2017,2,20,0,1.6966007122855988,False,True,False,False,False,False,True,False,False,True,False,False,False,False,False,False,False,True,False,False,False,False,False,False,False,False,True,False
2,261,-1.5862333433566416,-1.5741908860899676,-1.6480271924334369,1.0422826785394754,1,-0.020399799678975476,2.1096860934718102,0.992913537999037,2016,10,10,0,1.0824590767538098,False,True,False,False,False,False,True,False,False,True,False,False,False,False,False,False,False,True,False,False,False,False,False,False,False,False,True,False
2,267,-1.4881153196008916,-1.3717863985794574,-1.5237175829994885,1.1081836585954115,2,-0.2003013887942346,0.07885191456200487,0.992913537999037,2016,10,10,0,-0.3359226674031861,False,True,False,False,False,False,True,False,False,True,False,False,False,False,False,False,False,True,False,False,False,False,False,False,False,False,True,False
2,234,-1.4291247633227577,-1.168971354299149,-1.4317022402133275,1.1740846386513477,2,1.3288621186854679,0.07885191456200487,1.0074459222015224,2016,10,2,6,-1.3158892534096458,False,True,False,False,False,False,True,False,False,True,False,False,False,False,False,False,False,True,False,False,False,False,False,False,False,False,True,False
2,181,-1.628776980362006,-1.511101995797645,-1.669799590615655,1.1740846386513477,0,1.0290261368267026,2.2275067330074303,1.0074459222015224,2016,10,2,6,-0.5738681100431746,False,True,False,False,False,False,True,False,False,True,False,False,False,False,False,False,False,True,False,False,False,False,False,False,False,False,True,False
2,173,0.8860520656993103,0.8983188338913632,0.9246133670734592,0.31737189792417714,1,-0.7100225579541354,-0.3749352353895736,1.0074459222015224,2016,10,2,6,0.002988341441545834,False,True,False,False,False,False,True,False,False,True,False,False,False,False,False,False,False,True,False,False,False,False,False,False,False,True,False,False
2,243,-0.15288608964692796,1.5004687629287163,0.1930374709909008,0.31737189792417714,2,-1.2197437271140361,-1.4664026773243128,1.0219783064040078,2015,6,29,0,-2.3643875782975625,False,True,False,False,False,False,True,False,False,True,False,False,False,False,False,False,False,True,False,False,False,False,False,False,False,True,False,False
2,218,2.3123908891407563,1.3773017319892578,2.207057168971171,-0.8029447630267382,0,0.9990425386408261,-0.7603809470954324,-0.373130577034591,2017,6,30,4,0.6728028773178739,False,True,False,False,False,False,True,False,False,True,False,False,False,False,False,False,False,True,False,False,False,False,False,False,False,True,False,False
2,244,0.26973282100238927,-0.19649921890382394,0.18137889097364887,2.030797379378518,1,0.36938697673741927,0.5018854173030095,1.1527697642263766,2016,6,21,1,0.7359929278722441,False,True,False,False,False,False,True,False,False,True,False,False,False,False,False,False,False,True,False,False,False,False,False,False,False,True,False,False
2,171,1.0234032116603384,1.0351710904907616,1.0674309722847952,-1.1324496633064192,2,1.508763707800727,-1.5285660495526194,-0.28593627181967857,2016,6,14,1,-0.0005285422529731718,False,True,False,False,False,False,True,False,False,True,False,False,False,False,False,False,False,True,False,False,False,False,False,False,False,True,False,False
2,93,-0.08244960453870841,-0.2649253472035231,-0.12465883447921418,0.31737189792417714,2,0.00958379850690104,1.224254419560266,-0.2714038876171932,2017,2,21,1,0.39005417653221586,False,True,False,False,False,False,True,False,False,True,False,False,False,False,False,False,False,True,False,False,False,False,False,False,False,True,False,False
1,32,-0.8894404144235797,-0.8242405199252645,-0.9116421320937623,0.44917385803604953,2,0.7891573513396904,-0.6236980706039931,1.6178060587059095,2017,2,21,1,-0.004258204060323447,False,False,False,False,False,True,False,False,False,False,True,False,False,False,False,False,True,False,False,False,False,False,False,False,True,False,False,False
1,35,-0.9010272162238818,-0.8793919793348218,-0.9329773335253333,-0.9347467231386106,0,-0.8299569506976414,0.281142571769335,1.6178060587059095,2016,2,17,2,0.13973850643248104,False,False,False,False,False,True,False,False,False,False,True,False,False,False,False,False,True,False,False,False,False,False,False,False,True,False,False,False
1,28,-0.8235823008473944,-1.2189224279579294,-0.9411966324374959,-0.20983594252331242,1,1.5987145023583564,0.28934354435882137,1.6178060587059095,2016,2,17,2,1.5156013237355217,False,False,False,False,False,True,False,False,False,False,True,False,False,False,False,False,True,False,False,False,False,False,False,False,True,False,False,False
1,11,-0.9964686535455194,-0.6546805739986098,-0.964105742171396,2.030797379378518,0,1.3588457168713444,1.5932981860871522,1.6178060587059095,2017,2,10,4,-0.9348324427580734,False,False,False,False,False,True,False,False,False,False,True,False,False,False,False,False,True,False,False,False,False,False,False,False,True,False,False,False
1,201,-0.9262786961351784,-0.9561660952870845,-0.9702264966804532,1.3717875788191563,2,-0.5301209688388763,-0.18467267131349,1.632338442908395,2017,2,10,4,0.324462166140547,False,False,False,False,False,True,False,False,False,False,True,False,False,False,False,False,True,False,False,False,False,False,False,False,True,False,False,False
1,199,-0.9749503073449582,-0.7670362766667158,-0.9702264966804532,-1.0006477031945469,1,-1.4895961107869249,0.22619605541977636,1.632338442908395,2017,1,2,0,-0.4850801548033648,False,False,False,False,False,True,False,False,False,False,True,False,False,False,False,False,True,False,False,False,False,False,False,False,True,False,False,False
1,200,-0.866407683793192,-1.1888149315060619,-0.9702264966804532,-0.8688457430826744,2,-1.3696617180434187,0.07669232511344024,1.632338442908395,2015,12,14,0,1.3202812295303064,False,False,False,False,False,True,False,False,False,False,True,False,False,False,False,False,True,False,False,False,False,False,False,False,True,False,False,False
1,25,-0.8532008428354008,-1.2525880830813814,-0.9728788236343779,-0.8029447630267382,0,-1.1297929325564067,0.49712885320110733,1.632338442908395,2015,12,1,1,1.5873994963792184,False,False,False,False,False,True,False,False,False,False,True,False,False,False,False,False,True,False,False,False,False,False,False,False,True,False,False,False
1,38,-0.9019428905302886,-1.1077983955992179,-0.9823805663484383,-1.066548683250483,1,0.759173753153814,0.07341193607764557,1.385287911466143,2016,12,1,3,0.9376446616344496,False,False,False,False,False,True,False,False,False,False,True,False,False,False,False,False,True,False,False,False,False,False,False,False,True,False,False,False
1,197,-0.9454726383271683,-1.0173390539870155,-0.9991397751232379,-1.0006477031945469,2,-0.35021937972361716,-0.4022718106878614,1.385287911466143,2016,11,30,2,0.4860656761572482,False,False,False,False,False,True,False,False,False,False,True,False,False,False,False,False,True,False,False,False,False,False,False,False,True,False,False,False
1,117,-1.0168247977417948,-0.7425397227354236,-0.9996644112240143,1.7671934591547735,2,-0.2602685851659876,-0.4740849939964636,1.45794983247857,2017,11,1,2,-0.7330498209693909,False,False,False,False,False,True,False,False,False,False,True,False,False,False,False,False,True,False,False,False,False,False,False,False,True,False,False,False
1,40,-0.881551528091459,-1.306371019924945,-1.0077962707860475,1.5035895389310288,2,-0.859940548883518,-0.9025038020712309,1.4724822166810554,2015,10,27,1,1.7474300506480924,False,False,False,False,False,True,False,False,False,False,True,False,False,False,False,False,True,False,False,False,False,False,False,False,True,False,False,False
1,66,-0.9655118183404569,-1.0214446216849975,-1.0165984986990728,0.18556993781230477,0,-0.11035059423660502,0.9096104378769728,2.1700366584003548,2015,10,28,2,0.44070549675853143,False,False,False,False,False,True,False,False,False,False,True,False,False,False,False,False,True,False,False,False,False,False,False,False,True,False,False,False
1,65,-0.9431130160760429,-1.1084826568822148,-1.0165984986990728,-0.5393408428029934,0,0.6992065567820609,-0.5389546871793007,1.705000363920822,2016,10,28,4,0.8341313175352474,False,False,False,False,False,True,False,False,False,False,True,False,False,False,False,False,True,False,False,False,False,False,False,False,True,False,False,False
1,202,-1.0414775675296717,-0.7399395298600349,-1.0195131437033857,0.9104807184276029,0,0.06955099487865407,1.0751880744587026,1.5160793692885117,2015,10,28,2,-0.8471078686688929,False,False,False,False,False,True,False,False,False,False,True,False,False,False,False,False,True,False,False,False,False,False,False,False,True,False,False,False
1,14,-1.0355961210231353,-0.7627938567121344,-1.0195131437033857,1.635391499042901,1,-0.11035059423660502,-0.10156948240669499,1.5160793692885117,2016,9,19,0,-0.7434375991432278,False,False,False,False,False,True,False,False,False,False,True,False,False,False,False,False,True,False,False,False,False,False,False,False,True,False,False,False
1,194,-1.0019274811414063,-0.9073098396810992,-1.0224277887076987,1.7012924790988373,2,0.5492885658526784,0.5271717494539258,1.530611753490997,2016,9,14,2,-0.10067579029137096,False,False,False,False,False,True,False,False,False,False,True,False,False,False,False,False,True,False,False,False,False,False,False,False,True,False,False,False
1,249,-1.0612350016025272,-0.6769874918243117,-1.0224569351577417,1.0422826785394754,2,-0.7999733525117649,0.22379043679352703,1.879388974350647,2016,7,12,1,-1.1493192184581322,False,False,False,False,False,True,False,False,False,False,True,False,False,False,False,False,True,False,False,False,False,False,False,False,True,False,False,False
1,209,2.1869787274055716,2.685472452822907,2.3818775763298636,0.580975818147922,2,0.4293541731091723,-1.4003575114036495,-0.373130577034591,2016,11,29,1,-0.36766485450018827,False,False,False,False,False,True,False,False,False,False,True,False,False,False,False,False,True,False,False,False,False,False,False,False,False,False,False,True
1,6,1.5073723008389146,2.1584544126586236,1.7071955507314946,1.8989954192666458,0,1.808599689659492,0.5326390645135833,-0.3585981928321056,2016,11,29,1,-0.55032728514601,False,False,False,False,False,True,False,False,False,False,True,False,False,False,False,False,True,False,False,False,False,False,False,False,False,False,False,True
1,5,0.6993601619199744,2.307897076865167,1.0703164708390651,0.8445797383716668,2,-1.4895961107869249,-0.18467267131349,-0.3585981928321056,2016,11,29,1,-1.630778696929646,False,False,False,False,False,True,False,False,False,False,True,False,False,False,False,False,True,False,False,False,False,False,False,False,False,False,False,True
1,17,0.8881299420100028,1.5743689814923914,1.0703164708390651,0.18556993781230477,2,0.819140949525567,-0.07707591093942896,-0.038885740377426696,2017,9,28,3,-0.6891869757118675,False,False,False,False,False,True,False,False,False,False,True,False,False,False,False,False,True,False,False,False,False,False,False,False,False,False,False,True
1,208,1.0235793028731088,0.3624053970481192,0.9242927561229847,0.38327287798011334,0,1.0889933331984556,-0.9134931053411426,-0.7073754136917554,2017,9,27,2,0.7267887301286073,False,False,False,False,False,True,False,False,False,False,True,False,False,False,False,False,True,False,False,False,False,False,False,False,False,False,False,True
1,23,0.9632152351353647,-0.08592259557151004,0.778851970407767,0.44917385803604953,1,-0.14033419242248155,-0.9189604204008002,-0.19874196660476615,2016,9,27,1,1.2115609155398066,False,False,False,False,False,True,False,False,False,False,True,False,False,False,False,False,True,False,False,False,False,False,False,False,False,False,False,True
1,186,0.6337133577991139,0.8385143977574261,0.7030420538455864,1.964896399322582,2,-1.6395141017163075,0.29754451694830775,-0.11154766138985373,2017,9,27,2,-0.2147730262582672,False,False,False,False,False,True,False,False,False,False,True,False,False,False,False,False,True,False,False,False,False,False,False,False,False,False,False,True
1,33,0.6611483687487653,0.6087394589270363,0.6768102488067695,2.030797379378518,1,-0.6200717633965058,0.495105946629034,0.04830856483748573,2016,8,16,1,0.0873923303533128,False,False,False,False,False,True,False,False,False,False,True,False,False,False,False,False,True,False,False,False,False,False,False,False,False,False,False,True
1,185,0.8259697439019992,-0.045414327618088,0.6738956038024565,1.3717875788191563,0,-0.14033419242248155,0.6365180506470771,0.04830856483748573,2016,5,27,4,1.0553148574543902,False,False,False,False,False,True,False,False,False,False,True,False,False,False,False,False,True,False,False,False,False,False,False,False,False,False,False,True
1,271,0.6830188973748675,0.31861267493631146,0.6331197201921179,0.7127777782597944,2,2.108435671518257,0.5599756398118712,-0.28593627181967857,2017,5,27,5,0.4650635138340495,False,False,False,False,False,True,False,False,False,False,True,False,False,False,False,False,True,False,False,False,False,False,False,False,False,False,False,True
1,183,0.8620332242774073,-0.3770073453584304,0.6331197201921179,0.05376797770043237,0,-1.6395141017163075,-0.10266294541862643,-0.3295334244271348,2017,5,27,5,1.5155725491999537,False,False,False,False,False,True,False,False,False,False,True,False,False,False,False,False,True,False,False,False,False,False,False,False,False,False,False,True
